{"C1": 0.1444330542972557, "C2": 0.0, "C3": 0.0, "C4": -0.01376316486449001, "C5": 0.21015225483031358, "C6": 0.0, "C7": -0.4265011635542893, "C8": 0.0, "C9": 0.0, "C10": 0.20308478496083404, "C11": 0.29538218698606994, "C13": 0.413070494665199, "C14": 0.0, "C15": -0.06692725199300316, "C16": 0.31685212240324023, "C17": 0.0, "C19": 0.5396251712400479, "C21": 0.0, "C22": 0.15146068690301637, "C25": 0.312045811872555, "C26": 0.1888273938367431, "C27": 0.0, "C28": -0.35222207142686895, "C29": 0.2022963106528435, "C30": 0.043895577491256124, "C32": 0.20304826061826348, "C33": 0.14473496450507434, "C34": 0.44580929560334803, "C35": 0.0, "C36": 0.0, "C37": 0.22053085067389247, "C38": 0.0, "C39": 0.11570149270332908, "C40": 0.177386764182332, "C41": 0.18330406994138648, "C42": 0.0, "C43": 0.10417413882165256, "C44": 0.0, "C45": 0.0, "C46": 0.0, "C47": 0.0, "C48": 0.13414375203893092, "C52": -0.2080747058618206, "C53": 0.0281800023744944, "C54": -0.04634322816634565, "C55": 0.11438777406149403, "C56": 0.0, "C58": 0.12924476986409766, "C59": 0.0, "C60": 0.0, "C61": 0.0, "C62": 0.0, "C63": 0.1876194523550094, "C64": 0.23796114098176477, "C65": 0.3397825178123815, "C66": 0.17589362122340818, "C67": 0.0, "C68": 0.0, "C70": 0.5503513718292528, "C71": 0.3965586212996212, "C72": 0.29213840701806076, "C74": 0.0, "C75": 0.08397100721090098, "C76": -0.12674472649339974, "C77": 0.0, "C78": 0.0, "C80": 0.0, "C81": 0.01071870157915857, "C82": 0.0, "C83": 0.0, "C84": 0.119267132860536, "C85": 0.0, "C86": 0.24669190362406207, "C87": 0.13401500135743946, "C88": 0.08801581011639387, "C89": 0.0, "C90": 0.02899817287074921, "C91": 0.0, "C92": 0.0, "C93": -0.17407818738764763, "C94": 0.2291101564755226, "C95": 0.4178894067074935, "C96": 0.0, "C97": 0.0, "C98": -0.3617094121063888, "C99": 0.1007425290801457, "C100": 0.3998569108885683, "C103": 0.245532067415613, "C104": 0.051182727581374446, "C105": -0.019731899698566025, "C106": 0.0, "C107": 0.0, "C108": 0.0, "C109": 0.27912950060580705, "C110": 0.05091137250531358, "C111": 0.08183985944366287, "C112": 0.0, "C113": 0.0, "C114": 0.0, "C115": 0.0, "C116": 0.1971255725006282, "C117": 0.012081626042620558, "C118": -0.34893577767929806, "C119": 0.0, "C121": 0.1711828806029122, "C122": 0.0, "C123": 0.0, "C124": 0.0, "C125": 0.391557484228303, "C126": 0.28717669928663114, "C127": 0.10963702768836545, "C128": 0.2545099227948038, "C129": 0.0, "C130": 0.0, "C131": 0.0, "C132": 0.1034417995173591, "C133": -0.006033335719442138, "C134": 0.18799965773633617, "C135": 0.38794389396586776, "C137": 0.0, "C138": 0.10442938926941127, "C139": 0.05102888637052799, "C141": 0.0, "C142": 0.0, "C143": 0.0, "C144": 0.06460199893869917, "C145": 0.0, "C146": 0.0, "C147": 0.0, "C148": 0.09643895865413817, "C149": 0.03924831737811342, "C150": -0.25358212581454276, "C151": 0.01677999032109753, "C153": 0.0, "C154": 0.318270648244561, "C155": 0.42967006762768617, "C156": 0.07102579099056841, "C157": 0.07314576959682338, "C158": 0.16206312457146027, "C159": -0.0032092948797294418, "C160": 0.011979509362620225, "C161": 0.08929034104311642, "C163": 0.10851260387531424, "C164": 0.0, "C165": 0.25563164308567815, "C166": 0.0, "C167": 0.0, "C168": 0.0, "C169": 0.0, "C171": 0.22243198253679558, "C172": 0.1578417005079754, "C173": 0.0, "C174": 0.045098692886892014, "C175": 0.08370147554840376, "C176": 0.0, "C177": 0.0, "C178": 0.16758001962078872, "C180": 0.0, "C182": 0.3676647821551705, "C183": 0.0, "C184": 0.0, "C185": 0.1910864803137014, "C186": 0.34333835125793816, "C187": 0.0, "C188": 0.0, "C189": 0.0, "C190": -0.2090978780678348, "C191": 0.0, "C192": -0.39832928438392307, "C193": 0.0, "C194": 0.0, "C195": 0.0, "C196": 0.0}