{"C12": 0.10641208113626444, "C51": 0.29402431783724325, "C140": -0.14685087321042498, "C179": -0.08263557243737288, "C181": 0.1338981596830571}