{"C1": 0.009191228731503064, "C2": 0.0, "C3": 0.0, "C4": 0.014753045725480368, "C5": 0.028046971621958038, "C6": 0.0, "C7": -0.0064085801976497825, "C8": 0.0, "C9": 0.0, "C10": 0.06843529768477848, "C11": 0.015016399551925916, "C13": 0.055402497456718575, "C14": 0.0, "C15": 0.01241314516622164, "C16": -0.01873536603903147, "C17": 0.0, "C18": 0.017365858831113863, "C19": 0.040595638287732015, "C21": 0.0, "C22": 0.02306249982211372, "C23": 0.03975419749615697, "C24": 0.0, "C25": 0.09386506344904941, "C26": 0.07114920760432841, "C27": 0.0, "C28": 0.04599963554815368, "C29": 0.16205450508194408, "C30": -0.11532220517411826, "C32": 0.05155358438509635, "C33": 0.09756666050520524, "C34": 0.1332273943171004, "C35": 0.0, "C36": 0.0, "C37": 0.02570171470556315, "C38": 0.0, "C39": -0.06681462153796532, "C40": 0.018994175134613656, "C41": 0.01243414530933519, "C42": 0.0, "C43": -0.009284383152526462, "C44": 0.0, "C45": 0.0, "C46": 0.0, "C47": 0.0, "C49": 0.0, "C50": 0.02134155215127001, "C52": -0.06751759423188189, "C53": -0.16074172889925942, "C54": 0.05651383338804885, "C55": 0.04918243442777563, "C56": 0.0, "C57": -0.0033534227897479866, "C58": 0.008278440451705636, "C59": 0.0, "C60": 0.0, "C61": 0.0, "C62": 0.0, "C63": 0.014311051929026517, "C64": 0.022721578719313167, "C65": 0.09420127210888615, "C66": 0.016458585625039164, "C67": 0.0, "C68": 0.0, "C70": -0.03344253976132752, "C71": 0.07131629485149756, "C72": -0.023488598496102988, "C73": -0.0032993886074124835, "C74": 0.0, "C75": -0.043803739213291296, "C76": -0.00838295645320957, "C77": 0.0, "C78": 0.0, "C79": 0.08720544510869582, "C80": 0.0, "C81": 0.0010176414556081156, "C83": 0.0, "C84": 0.06676715108374562, "C85": 0.0, "C86": 0.07845491254278669, "C87": -0.01784142950791494, "C88": 0.025359969024153724, "C89": 0.0, "C90": 0.2100038527324677, "C92": 0.0, "C93": 0.1233817096316531, "C94": -0.0553488907381677, "C95": 0.07361986399312223, "C96": 0.0, "C97": 0.0, "C98": 0.1347134416013026, "C99": 0.07367408975965585, "C100": 0.042179936852988785, "C101": 0.04384473654844884, "C102": 0.0, "C103": 0.09005015566481087, "C104": 0.047286569837673806, "C105": -0.03273033592523244, "C106": 0.0, "C107": 0.0, "C108": 0.0, "C109": 0.046953210112482935, "C110": 0.13442409009535572, "C111": 0.06440545530846402, "C112": 0.0, "C113": 0.0, "C114": 0.0, "C115": 0.0, "C116": 0.027862494703481126, "C117": 0.11437852730780969, "C118": -0.05852889145324128, "C119": 0.0, "C121": 0.012019759510609985, "C122": 0.0, "C124": 0.0, "C125": 0.050643696140050626, "C126": 0.053404780466143546, "C127": 0.04062934620529646, "C128": 0.03365215951835633, "C129": 0.0, "C131": 0.0, "C132": 0.030647915699895133, "C133": 0.045154122960615425, "C134": 0.09812842993666106, "C135": 0.03423551281005964, "C136": 0.12619582448777372, "C137": 0.0, "C138": 7.7393785656549e-05, "C139": -0.005288412219156268, "C141": 0.0, "C142": 0.0, "C143": 0.0, "C144": -0.03222782945982109, "C145": 0.0, "C146": 0.0, "C147": 0.0, "C148": 0.028006368408445004, "C149": -0.13864561631633995, "C151": 0.019575772323084654, "C152": 0.09366615611839992, "C153": 0.0, "C154": 0.029716184562185537, "C155": 0.04081702804469391, "C156": -0.0029042217209727275, "C157": 0.12128593049254743, "C158": -0.023977787046490884, "C159": 0.046212295426636754, "C160": 0.07437169071021471, "C161": 0.1100289667299813, "C162": 0.0, "C163": 0.08859257894920142, "C164": 0.0, "C165": 0.02339032812679444, "C166": 0.0, "C167": 0.0, "C168": 0.0, "C169": 0.0, "C170": 0.0, "C171": 0.052280527060355596, "C172": -0.14826793376639522, "C173": 0.0, "C174": 0.05967311700898328, "C175": 0.1075439188543565, "C176": 0.0, "C177": 0.0, "C178": 0.05508030744500176, "C182": 0.008708555775483373, "C183": 0.0, "C184": 0.0, "C185": -0.08587255376631564, "C186": -0.032547691240966674, "C187": 0.0, "C188": 0.0, "C189": -1.133114028106058e-06, "C190": -0.04004249632064284, "C191": 0.0, "C192": 0.043426210375668524, "C193": 0.0, "C194": 0.0, "C195": 0.0, "C196": 0.0}