{"C12": 0.05123910187759578, "C51": 0.029708185882461016, "C140": -0.007867872885376465, "C179": -0.06963051659379486, "C181": 0.026124939976313318}