{"C1": -0.06273013501486686, "C2": 0.0, "C3": 0.0, "C4": -0.062300982734081786, "C5": 0.45406939483271613, "C6": 0.0, "C7": 0.1670197182066571, "C8": 0.0, "C9": 0.0, "C10": -0.014508113525620134, "C11": 0.14541505640601216, "C13": 0.21066759977635574, "C14": 0.0, "C15": 0.04034366972514296, "C17": 0.0, "C18": 0.22061227564828928, "C21": 0.0, "C22": 0.17000168262551557, "C23": 0.3905183985433153, "C24": 0.0, "C25": 0.5689239899097712, "C27": 0.0, "C28": 0.23878125241777826, "C29": 0.042184160334715955, "C30": -0.1397568674742326, "C32": -0.06556364752229708, "C33": 0.5646161495794093, "C34": -0.268555848024479, "C35": 0.0, "C36": 0.0, "C37": -0.08264908710459103, "C38": 0.0, "C39": 0.33110038244464396, "C40": -0.016669868373610945, "C41": 0.06924105103662129, "C42": 0.0, "C43": 0.01699595971389245, "C44": 0.0, "C45": 0.0, "C46": 0.0, "C47": 0.0, "C48": 0.3834261134543131, "C49": 0.0, "C50": 0.08079535344745674, "C52": -0.14851459574072753, "C53": 0.06272745078830531, "C54": 0.49029071691216397, "C55": 0.28140659241411015, "C56": 0.0, "C57": -0.15513832026591057, "C58": 0.02073392351400143, "C59": 0.0, "C60": 0.0, "C61": 0.0, "C62": 0.0, "C63": 0.11409928160321178, "C64": 0.20663289247876113, "C65": 0.16433435811690705, "C66": 0.19936637110335131, "C67": 0.0, "C68": 0.0, "C70": -0.01034609620570561, "C71": 0.19702007350866788, "C72": 0.13418790310836068, "C73": 0.15032061465781607, "C74": 0.0, "C75": 0.012871368748844316, "C76": -0.07409982067375498, "C77": 0.0, "C78": 0.0, "C79": 0.2074176856343258, "C80": 0.0, "C81": 0.0018930420876682049, "C82": 0.0, "C83": 0.0, "C88": -0.27700924465611393, "C89": 0.0, "C90": -0.016838003738087463, "C92": 0.0, "C93": 0.38354834643229896, "C94": -0.09652341628276974, "C95": 0.5743623362231205, "C96": 0.0, "C97": 0.0, "C98": 0.5397405022246472, "C99": 0.31873787581166124, "C100": 0.35360991046847423, "C101": 0.035509746461798865, "C102": 0.0, "C103": 0.2339642059291991, "C104": 0.06862400683292723, "C105": -0.12314796234880068, "C106": 0.0, "C107": 0.0, "C108": 0.0, "C109": -0.02229320948219776, "C110": 0.5259879805445571, "C112": 0.0, "C113": 0.0, "C114": 0.0, "C115": 0.0, "C116": 0.19529317317859143, "C117": 0.10758800360493578, "C118": -0.026476689512673877, "C119": 0.0, "C121": 0.015864374301397914, "C122": 0.0, "C124": 0.0, "C125": 0.3908399822957933, "C126": 0.07280563157508871, "C127": 0.17980084701178395, "C128": 0.19125723604331396, "C129": 0.0, "C130": 0.0, "C131": 0.0, "C132": 0.2527266905815209, "C133": 0.3536588858760363, "C134": 0.5966539987976691, "C135": 0.28507457910195216, "C136": 0.09148579087109884, "C137": 0.0, "C139": -0.12893924181828262, "C141": 0.0, "C142": 0.0, "C143": 0.0, "C144": 0.007160980702658574, "C145": 0.0, "C146": 0.0, "C147": 0.0, "C148": -0.022406481311346045, "C149": -0.2628810482442487, "C150": 0.08591172607672667, "C153": 0.0, "C154": 0.06702633998769762, "C155": 0.07589576404142555, "C156": 0.004566644336130919, "C157": 0.4586077741026204, "C158": 0.09430766649856143, "C159": -0.033625158743742244, "C160": 0.30930971085307174, "C161": 0.05014625049299137, "C162": 0.0, "C163": 0.4250271613751658, "C164": 0.0, "C165": 0.2694644666361296, "C166": 0.0, "C167": 0.0, "C168": 0.0, "C169": 0.0, "C170": 0.0, "C171": 0.056576541654366784, "C172": 0.003428302570861375, "C173": 0.0, "C174": 0.08547498882530515, "C175": -0.007021148342983397, "C176": 0.0, "C177": 0.0, "C178": -0.08267207757721157, "C180": 0.0, "C182": 0.10955077551558569, "C183": 0.0, "C184": 0.0, "C185": -0.09591767812379101, "C186": -0.255912061646527, "C187": 0.0, "C188": 0.0, "C189": 0.0, "C190": -0.187374588406019, "C191": 0.0, "C192": 0.10112723395281857, "C193": 0.0, "C195": 0.0, "C196": 0.0}