{"C12": 0.07773732022537365, "C51": 0.2214217844190043, "C140": -0.025198063555919668, "C179": -0.010166130940046784, "C181": 0.10532100787746636}