{"C1": 0.23304742171477086, "C2": 0.0, "C3": 0.0, "C6": 0.0, "C7": -0.002005191614233029, "C8": 0.0, "C9": 0.0, "C10": 0.0770221552113429, "C11": 0.6096991138221255, "C13": 0.5724691120152836, "C14": 0.0, "C16": 0.4361186161648231, "C17": 0.0, "C19": 0.4382086875077199, "C21": 0.0, "C22": 0.19396817698567373, "C23": 0.32829326003549136, "C24": 0.0, "C25": 0.1873786263816301, "C26": 0.2346365689902311, "C27": 0.0, "C28": 0.260380428660596, "C30": 0.16299039528645964, "C32": 0.5813901955317305, "C33": 0.40555924560346107, "C34": 0.5706773009718339, "C35": 0.0, "C36": 0.0, "C37": 0.05748022547019674, "C38": 0.0, "C39": 0.35647552167158936, "C40": 0.1316014264354402, "C41": 0.0631237793846267, "C42": 0.0, "C43": 0.17194924801310585, "C44": 0.0, "C45": 0.0, "C46": 0.0, "C47": 0.0, "C48": 0.1843282406511351, "C49": 0.0, "C52": -0.029250385570673016, "C53": 0.33665417267524855, "C54": -0.27117028587217396, "C55": 0.11100422866602579, "C56": 0.0, "C57": -0.15060401879681695, "C58": 0.1495391546515816, "C59": 0.0, "C60": 0.0, "C61": 0.0, "C62": 0.0, "C63": 0.09544368184163277, "C64": 0.3262181801624759, "C65": 0.3799743540888537, "C66": 0.09855138049260943, "C67": 0.0, "C68": 0.0, "C71": 0.5084181170113926, "C72": 0.5504999903332536, "C73": 0.12676640651912754, "C74": 0.0, "C75": 0.30487555401454114, "C76": -0.02451438419507384, "C77": 0.0, "C78": 0.0, "C79": 0.5612036679107942, "C80": 0.0, "C81": 0.0012717373506465556, "C82": 0.0, "C83": 0.0, "C84": 0.3794854529528937, "C85": 0.0, "C89": 0.0, "C90": 0.20773429816059508, "C91": 0.0, "C92": 0.0, "C93": -0.06977950724312873, "C94": 0.20832051304538557, "C95": 0.4798529415419177, "C96": 0.0, "C97": 0.0, "C98": -0.27182360173068226, "C100": 0.2621031146235798, "C101": 0.0291370433969863, "C102": 0.0, "C103": 0.3384133332889554, "C105": -0.08084751353378167, "C106": 0.0, "C107": 0.0, "C108": 0.0, "C109": 0.11843117850364812, "C110": 0.1980988125158382, "C111": 0.2167247604648552, "C112": 0.0, "C113": 0.0, "C114": 0.0, "C115": 0.0, "C116": 0.0717842742937042, "C117": 0.42836088949483003, "C118": -0.020079853736704574, "C119": 0.0, "C121": 0.4432761762103176, "C122": 0.0, "C123": 0.0, "C124": 0.0, "C125": 0.39785503026683994, "C126": 0.16462393526219177, "C127": 0.16773121797826945, "C128": 0.426850345387729, "C129": 0.0, "C130": 0.0, "C131": 0.0, "C132": 0.09929836569327852, "C133": 0.0024056260644308705, "C134": 0.22731505124647805, "C135": 0.04759609442327855, "C136": -0.013298073829965127, "C137": 0.0, "C138": 0.08953059733473834, "C139": 0.20283680556013092, "C141": 0.0, "C142": 0.0, "C143": 0.0, "C144": 0.25282246233117706, "C145": 0.0, "C146": 0.0, "C147": 0.0, "C148": 0.21284575755455037, "C149": 0.2719649341339298, "C150": 0.19428698264636582, "C151": 0.05725485651233052, "C153": 0.0, "C155": 0.05098533433588667, "C156": 0.07112581790267776, "C157": 0.3001979672491624, "C158": 0.24261865744620065, "C160": 0.12791872760925715, "C161": 0.18890056817126824, "C162": 0.0, "C163": 0.17050635107354079, "C164": 0.0, "C165": 0.34069712210010666, "C166": 0.0, "C167": 0.0, "C168": 0.0, "C169": 0.0, "C170": 0.0, "C171": 0.15290556704198605, "C172": 0.3989900839188227, "C173": 0.0, "C174": -0.012555725972812324, "C175": 0.03067715506194329, "C176": 0.0, "C177": 0.0, "C178": 0.09299469953446067, "C180": 0.0, "C182": 0.42054713126984833, "C183": 0.0, "C184": 0.0, "C185": 0.22780909245687367, "C186": -0.20904075181166365, "C187": 0.0, "C188": 0.0, "C189": 0.0, "C190": -0.2525177613192354, "C191": 0.0, "C192": 0.5174785749264855, "C193": 0.0, "C194": 0.0, "C195": 0.0, "C196": 0.0}