{"C12": 0.30063467556894774, "C51": 0.4077802332575319, "C140": 0.016621804888869822, "C179": 0.2167914957462077, "C181": 0.10749710276122022}