{"C1": -0.04736741982941043, "C2": 0.0, "C3": 0.0, "C4": 0.20829182488555253, "C5": 0.12485594067695219, "C6": 0.0, "C8": 0.0, "C9": 0.0, "C11": 0.12073353207582715, "C13": 0.3024541694497615, "C14": 0.0, "C16": 0.040769554908074775, "C17": 0.0, "C18": 0.12318106698666388, "C19": 0.21863877023478673, "C21": 0.0, "C22": 0.10935643503426928, "C23": 0.1647865937910413, "C24": 0.0, "C25": 0.13933224407955583, "C26": 0.1879701984422556, "C27": 0.0, "C28": 0.34685637834322947, "C29": 0.4870665424336792, "C30": 0.2765929101349949, "C32": 0.11556223701434376, "C33": 0.30503481608177163, "C34": 0.36040410117936206, "C35": 0.0, "C36": 0.0, "C37": 0.0626291943777735, "C38": 0.0, "C39": 0.24119569282634817, "C40": 0.095256114373441, "C41": 0.029487388229253078, "C42": 0.0, "C43": 0.02368811802679091, "C44": 0.0, "C45": 0.0, "C46": 0.0, "C47": 0.0, "C48": 0.04316620658346098, "C53": 0.7582374151792546, "C54": -0.0991267296077364, "C55": 0.11808716064651553, "C56": 0.0, "C57": 0.16275402565442618, "C58": 0.11852304106328096, "C59": 0.0, "C60": 0.0, "C61": 0.0, "C62": 0.0, "C63": 0.06351349445081463, "C64": 0.2035095170121978, "C65": 0.28915845078837293, "C66": 0.05374009689884298, "C67": 0.0, "C68": 0.0, "C70": -0.06652673101736094, "C71": 0.22066523613278388, "C72": 0.27641584090282734, "C73": 0.04940096115947966, "C74": 0.0, "C75": -0.07805418579294723, "C76": -0.04389308455771497, "C77": 0.0, "C78": 0.0, "C79": 0.3966976700337924, "C80": 0.0, "C81": 0.0018704064830553251, "C82": 0.0, "C83": 0.0, "C84": 0.15843730972966, "C85": 0.0, "C86": 0.3223566128956564, "C87": -0.043763449963119434, "C88": 0.12376991903346998, "C89": 0.0, "C90": 0.18954158002776306, "C91": 0.0, "C92": 0.0, "C93": 0.13412307691793734, "C94": 0.06958832539881832, "C95": 0.2953040114037474, "C96": 0.0, "C97": 0.0, "C98": -0.1338989214674437, "C99": 0.2859573063306826, "C100": 0.22169790175015813, "C101": 0.09981596426177665, "C102": 0.0, "C103": 0.24423637922924643, "C105": -0.07737813886491866, "C106": 0.0, "C107": 0.0, "C108": 0.0, "C109": 0.13307526150942664, "C110": 0.36646914625277877, "C111": 0.47262176275291046, "C112": 0.0, "C113": 0.0, "C114": 0.0, "C115": 0.0, "C116": 0.07515666715303994, "C117": -0.017289154235044218, "C118": -0.019660349658062706, "C119": 0.0, "C121": 0.11402042626299264, "C123": 0.0, "C124": 0.0, "C125": 0.20936948332372782, "C126": -0.04021756323760262, "C127": 0.07009493132761288, "C128": 0.18601948093760762, "C129": 0.0, "C130": 0.0, "C131": 0.0, "C132": 0.06009849929122739, "C133": 0.04828417921113485, "C134": 0.23941957249143178, "C135": 0.07300948469556802, "C136": 0.158763200457071, "C137": 0.0, "C138": 0.11540365069842991, "C139": 0.1479907171959705, "C141": 0.0, "C142": 0.0, "C143": 0.0, "C144": -0.08834699929062789, "C145": 0.0, "C146": 0.0, "C147": 0.0, "C148": 0.1207322849660063, "C149": 0.12498608832096009, "C150": 0.002881135253746592, "C151": 0.042362008374788776, "C153": 0.0, "C154": 0.13965188664336922, "C155": 0.07499155478386027, "C156": -0.00376146802761679, "C157": 0.2872408580511486, "C158": -0.025870420722884466, "C159": 0.1456611914812845, "C160": 0.16810918745063433, "C161": 0.0737068946959166, "C162": 0.0, "C164": 0.0, "C165": 0.1362994591058835, "C166": 0.0, "C167": 0.0, "C168": 0.0, "C169": 0.0, "C170": 0.0, "C171": 0.08964102077410775, "C172": 0.15642010021349498, "C173": 0.0, "C174": -0.03029842642177234, "C175": 0.3415651601023196, "C176": 0.0, "C177": 0.0, "C178": 0.4555920616460144, "C180": 0.0, "C182": 0.0613793515654237, "C183": 0.0, "C184": 0.0, "C185": 0.16199980473637654, "C186": 0.011246650283331907, "C187": 0.0, "C188": 0.0, "C189": 0.0, "C190": -0.30765737318184705, "C192": 0.25501087893217866, "C193": 0.0, "C194": 0.0, "C195": 0.0, "C196": 0.0}