{"C12": 0.238040106830713, "C51": 0.4989470009834634, "C140": 0.057058671142070284, "C179": 0.33989420320840835, "C181": 0.04642198505582459}